Game Date,Location,Player 1,Side,Faction,ID,Archtype or Deckname,,Player 2,Side,Faction,ID,Archtype or Deckname,,Winner,Winner Tomthord (S/K/M),Player 1 Score,Player 2 Score,Winning Side,,Notes,Was it fun,What Could I of done better?,Why did a loose,,
10/01/2017,Jinteki,Tom,Corp,Wayland,Gagarin Deep Space: Expanding the Horizon,SIBRB (v7.0),,funkmj,Runner,Shaper,"Ele ""Smoke"" Scovak: Cynosure of the Net",Temujin Smoke,,funkmj,S,3,8,Runner,,Temi makes asset trashing easy,"Yes, but I did get picked apart after a while",,,,Gagarin Deep Space: Expanding the Horizon-SIBRB (v7.0)-FALSE-S
10/01/2017,Home,Tom,Corp,Wayland,Blue Sun: Powering the Future,Silver Sun (1.5),,Zoe,Runner,Shaper,"Ele ""Smoke"" Scovak: Cynosure of the Net",,,Tom,S,7,4,Corp,,,yes,,,,Blue Sun: Powering the Future-Silver Sun (1.5)-Tom-S
10/01/2017,Home,Tom,Runner,Shaper,Hayley Kaplan: Universal Scholar,Pitch Stealth,,Zoe,Corp,Jinteki,Nisei Division: The Next Generation,Servant Psi,,Zoe,K,6,3,Corp,,,yes,,,,Hayley Kaplan: Universal Scholar-Pitch Stealth-FALSE-K
11/01/2017,Jinteki,Tom,Runner,Shaper,Hayley Kaplan: Universal Scholar,Temi Fork (v0.1),,PTD,Corp,Wayland,Weyland Consortium: Builder of Nations,,,PTD,K,6,2,Corp,,"Was silly, finished turn with fewer then 3 cards. Sea Souce Scorch will work when players are on equral (or just below) and runner is on fewer then 3 cards.",Yes. Temejin seemed good,,,,Hayley Kaplan: Universal Scholar-Temi Fork (v0.1)-FALSE-K
11/01/2017,Jinteki,Tom,Corp,Wayland,Blue Sun: Powering the Future,Silver Sun (1.5),,AJW920,Corp,Haas-Bioroid,Whizzard: Master Gamer,Temi with Reg Breakers,,Tom,K,2,6,Corp,,"I should of lost, he just wiffed on last access with 4 tags. Need to learn how to deal with high money runners",,,,,Blue Sun: Powering the Future-Silver Sun (1.5)-Tom-K
11/01/2017,Jinteki,Tom,Corp,Wayland,Blue Sun: Powering the Future,Silver Sun (1.5),,seriousigg,Runner,Criminal,Andromeda: Dispossessed Ristie,Takeshi's Castle,,seriousigg,S,7,4,Runner,,Got close but he got his Femme out to get past the last pice of ice. My saving grace was hitting his Passport and Gordian Blad early,Yes,,,,Blue Sun: Powering the Future-Silver Sun (1.5)-FALSE-S
11/01/2017,Home,Tom,Runner,Shaper,Hayley Kaplan: Universal Scholar,Temi Fork (v0.1),,Zoe,Corp,Jinteki,Nisei Division: The Next Generation,Servant Psi,,Tom,S,7,1,Runner,,Need to rember combos. Scesity of resouces hurts. Artist Colony Temi is fun,,,,,Hayley Kaplan: Universal Scholar-Temi Fork (v0.1)-Tom-S
11/01/2017,Home,Tom,Corp,Jinteki,Jinteki: Potential Unleashed,Potatos,,Zoe,Runner,Shaper,"Ele ""Smoke"" Scovak: Cynosure of the Net",,,Tom,K,1,2,Corp,,,,,,,Jinteki: Potential Unleashed-Potatos-Tom-K
11/01/2017,Home,Tom,Corp,Jinteki,Jinteki: Potential Unleashed,Potatos,,Zoe,Runner,Shaper,"Ele ""Smoke"" Scovak: Cynosure of the Net",,,Tom,K,2,4,Corp,,,,,,,Jinteki: Potential Unleashed-Potatos-Tom-K
12/01/2017,Home,Tom,Runner,Shaper,Hayley Kaplan: Universal Scholar,Temi Fork (v0.1),,Bill,Corp,Haas-Bioroid,Haas-Bioroid: Engineering the Future,,,Tom,S,7,2,Runner,,,,,,,Hayley Kaplan: Universal Scholar-Temi Fork (v0.1)-Tom-S
12/01/2017,Jinteki,Tom,Corp,Wayland,Blue Sun: Powering the Future,Silver Sun (1.5),,munchli21 ,Runner,Shaper,Chaos Theory: Wünderkind,Hyperdrive Faust,,Tom,K,0,6,Corp,,Player was an ass. Moned at me for killing him,No Oppent was rude,,,,Blue Sun: Powering the Future-Silver Sun (1.5)-Tom-K
12/01/2017,Jinteki,Tom,Runner,Shaper,Hayley Kaplan: Universal Scholar,Temi Fork (v0.1),,eldest,Corp,NBN,Spark Agency: Worldswide Reach,Asset Spam,,eldest,S,4,7,Corp,,"Nice player. Fun game, I need to remmber about HHN and not being over egressive on low board state",Yes,,,,Hayley Kaplan: Universal Scholar-Temi Fork (v0.1)-FALSE-S
12/01/2017,Jinteki,Tom,Corp,Wayland,Gagarin Deep Space: Expanding the Horizon,SIBRB v7.0,,-CodeMarvelous-,Runner,Shaper,"Ele ""Smoke"" Scovak: Cynosure of the Net",Tem,,-CodeMarvelous-,S,5,7,Runner,,Fun  but could not defend against lots of money,,,,,Gagarin Deep Space: Expanding the Horizon-SIBRB v7.0-FALSE-S
13/01/2017,Jinteki,Tom,Runner,Shaper,Exile: Streethawk,Fatal Exile (v0.2),,rustryder,Corp,Haas-Bioroid,Haas-Bioroid: Engineering the Future,Sandvich?,,Tom,S,8,0,Runner,,Oponente was greedy with Jackson and once I was at 4 I popped Rummer Mill and ran archives,Yes,,,,Exile: Streethawk-Fatal Exile (v0.2)-Tom-S
13/01/2017,Jinteki,Tom,Runner,Shaper,Exile: Streethawk,Fatal Exile (v0.3),,Tarmuyi,Corp,Wayland,Gagarin Deep Space: Expanding the Horizon,Hot Tubs with Kill,,Tarmuyi,K,0,0,Corp,,I should of hit sports hopper at the end of my turn,Yes,,,,Exile: Streethawk-Fatal Exile (v0.3)-FALSE-K
13/01/2017,Jinteki,Tom,Runner,Criminal,Andromeda: Dispossessed Ristie,Takeshi's Castle 2.0,,Greg,Corp,NBN,Spark Agency: Worldswide Reach,Kill,,Tom,S,7,0,Runner,,,,,,,Andromeda: Dispossessed Ristie-Takeshi's Castle 2.0-Tom-S
13/01/2017,Jinteki,Tom,Runner,Criminal,Andromeda: Dispossessed Ristie,Takeshi's Castle 2.0,,Greg,Corp,Wayland,Argus Security: Protection Guaranteed,Fast or Kill,,Tom,S,8,0,Runner,,,,,,,Andromeda: Dispossessed Ristie-Takeshi's Castle 2.0-Tom-S
13/01/2017,Home,Tom,Runner,Criminal,Andromeda: Dispossessed Ristie,Takeshi's Castle 2.0,,Zoe,Corp,Jinteki,Nisei Division: The Next Generation,Servant Psi,,Tom,S,7,3,Runner,,,,,,,Andromeda: Dispossessed Ristie-Takeshi's Castle 2.0-Tom-S
13/01/2017,Jinteki,Tom,Runner,Shaper,Hayley Kaplan: Universal Scholar,Temi Fork (v0.1),,TheCaptin,Corp,NBN,Near-Earth Hub: Broadcast Center,Combi Kill,,TheCaptin,K,0,0,Corp,,I dont think I should of lost. I had a window start of the corps turn to get out new angles and beth to stop tags. Ha ho,,,,,Hayley Kaplan: Universal Scholar-Temi Fork (v0.1)-FALSE-K
13/01/2017,Jinteki,Tom,Runner,Shaper,Hayley Kaplan: Universal Scholar,Temi Fork (v0.1),,wetterling,Corp,Haas-Bioroid,Haas-Bioroid: Engineering the Future,Frinds and Batty Jank,,wetterling,S,6,8,Corp,,So close but I made some bad diccsions and math. Also sometimes trashing a programe is better then tag and 1 brain damge last click,,,,,Hayley Kaplan: Universal Scholar-Temi Fork (v0.1)-FALSE-S
14/01/2017,Home,Tom,Runner,Shaper,Hayley Kaplan: Universal Scholar,Temi Fork (v0.2),,Zoe,Corp,Jinteki,Nisei Division: The Next Generation,Servant Psi,,Tom,S,7,3,Runner,,,,,,,Hayley Kaplan: Universal Scholar-Temi Fork (v0.2)-Tom-S
14/01/2017,Home,Tom,Runner,Shaper,Hayley Kaplan: Universal Scholar,Temi Fork (v0.2),,Zoe,Corp,Jinteki,Nisei Division: The Next Generation,Servant Psi,,Tom,S,7,1,Runner,,,,,,,Hayley Kaplan: Universal Scholar-Temi Fork (v0.2)-Tom-S
14/01/2017,Home,Tom,Corp,Haas-Bioroid,Haas-Bioroid: Engineering the Future,Sandvich,,Zoe,Runner,Shaper,"Ele ""Smoke"" Scovak: Cynosure of the Net",,,Tom,S,8,4,Corp,,,,,,,Haas-Bioroid: Engineering the Future-Sandvich-Tom-S
14/01/2017,Jinteki,Tom,Corp,Jinteki,Pālanā Foods: Sustainable Growth,"From One, An Army",,Greg,Runner,Anarch,MaxX: Maximum Punk Rock,Magnus Opus,,Tom,S,8,0,Corp,,,,,,,"Pālanā Foods: Sustainable Growth-From One, An Army-Tom-S"
14/01/2017,Jinteki,Tom,Corp,Wayland,Gagarin Deep Space: Expanding the Horizon,SIBRB Prison (v7.1),,Greg,Runner,Anarch,MaxX: Maximum Punk Rock,Magnus Opus,,Tom,K,0,2,Corp,,Fun but feeel bad playing prison,,,,,Gagarin Deep Space: Expanding the Horizon-SIBRB Prison (v7.1)-Tom-K
14/01/2017,Jinteki,Tom,Runner,Shaper,Hayley Kaplan: Universal Scholar,Temi Fork (v0.2),,Greg,Corp,NBN,NBN: Controlling the Tomssage,Worlds 2016,,Tom,S,8,5,Runner,,"Proper Netrunner, back and forth",,,,,Hayley Kaplan: Universal Scholar-Temi Fork (v0.2)-Tom-S
14/01/2017,Jinteki,Tom,Corp,Wayland,Blue Sun: Powering the Future,Silver Sun (1.5),,Greg,Runner,Anarch,MaxX: Maximum Punk Rock,Magnus and Eater + Keyhole,,Tom,S,7,2,Corp,,"36cr vamp, Fun game",,,,,Blue Sun: Powering the Future-Silver Sun (1.5)-Tom-S
15/01/2017,Jinteki,Tom,Runner,Shaper,Exile: Streethawk,Fatal Exile (v0.4),,Greg,Corp,Jinteki,Pālanā Foods: Sustainable Growth,palaba,,Tom,S,7,1,Runner,,,,,,,Exile: Streethawk-Fatal Exile (v0.4)-Tom-S
15/01/2017,Jinteki,Tom,Runner,Shaper,Hayley Kaplan: Universal Scholar,Temi Fork (v0.2),,Greg,Corp,Haas-Bioroid,Haas-Bioroid: Architects of Tomorrow,,,Tom,S,7,1,Runner,,,,,,,Hayley Kaplan: Universal Scholar-Temi Fork (v0.2)-Tom-S
15/01/2017,Brewhouse & Kitchen,Tom,Runner,Criminal,Andromeda: Dispossessed Ristie,Takeshi's Castle 2.0,,Dan H,Corp,Haas-Bioroid,The Foundry: Refining the Process,,,Tom,S,8,5,Runner,,Need to think what ICE might be out. Run early,,,,,Andromeda: Dispossessed Ristie-Takeshi's Castle 2.0-Tom-S
15/01/2017,Brewhouse & Kitchen,Tom,Corp,Haas-Bioroid,Haas-Bioroid: Engineering the Future,Sandvich,,Dan H,Runner,Criminal,Leela Patel: Trained Pragmatist,No Breakers Blackmail,,Dan H,S,6,8,Runner,,HB struggles with Blackmail. Emergancy  Shit down herts,,,,,Haas-Bioroid: Engineering the Future-Sandvich-FALSE-S
15/01/2017,Brewhouse & Kitchen,Tom,Runner,Shaper,Hayley Kaplan: Universal Scholar,Temi Fork (v0.1),,Colin,Corp,Jinteki,Jinteki: Potential Unleashed,,,Colin,K,6,0,Corp,,One of each breakers is a danger. Kill DBS,,,,,Hayley Kaplan: Universal Scholar-Temi Fork (v0.1)-FALSE-K
15/01/2017,Brewhouse & Kitchen,Tom,Corp,Wayland,Blue Sun: Powering the Future,Silver Sun (1.5),,Colin,Runner,Shaper,"Rielle ""Kit"" Peddler: Transhuman",Stupid Bird Deck Kit - 2nd at Philly SC,,Tom,K,4,3,Corp,,,,,,,Blue Sun: Powering the Future-Silver Sun (1.5)-Tom-K
15/01/2017,Brewhouse & Kitchen,Tom,Runner,Shaper,"Rielle ""Kit"" Peddler: Transhuman",(Colins)Stupid Bird Deck Kit - 2nd at Philly SC,,Zoe,Corp,Jinteki,Nisei Division: The Next Generation,Servant Psi,,Tom,S,7,0,Runner,,,,,,,"Rielle ""Kit"" Peddler: Transhuman-(Colins)Stupid Bird Deck Kit - 2nd at Philly SC-Tom-S"
15/01/2017,Brewhouse & Kitchen,Tom,Runner,Criminal,Andromeda: Dispossessed Ristie,Takeshi's Castle 2.0,,Colin,Corp,Wayland,Blue Sun: Powering the Future,Psycho Sun,,Colin,K,3,0,Corp,,Sometimes don't worry about Temijin,,,,,Andromeda: Dispossessed Ristie-Takeshi's Castle 2.0-FALSE-K
15/01/2017,Jinteki,Tom,Runner,Shaper,Hayley Kaplan: Universal Scholar,Temi Fork (v0.2),,Greg,Corp,Haas-Bioroid,Haas-Bioroid: Architects of Tomorrow,54 card Biroid,,Tom,S,7,0,Runner,,F**ing first turn Scacity of Rescouces,,,,,Hayley Kaplan: Universal Scholar-Temi Fork (v0.2)-Tom-S
15/01/2017,Jinteki,Tom,Runner,Criminal,Andromeda: Dispossessed Ristie,Takeshi's Castle 2.0,,Greg,Corp,Haas-Bioroid,Haas-Bioroid: Architects of Tomorrow,54 card Biroid,,Tom,S,7,0,Runner,,,,,,,Andromeda: Dispossessed Ristie-Takeshi's Castle 2.0-Tom-S
15/01/2017,Jinteki,Tom,Corp,Haas-Bioroid,Whizzard: Master Gamer,Papa Smuf (Worlds 2016),,Greg,Corp,Haas-Bioroid,Haas-Bioroid: Architects of Tomorrow,54 card Biroid,,Tom,S,7,0,Corp,,,,,,,Whizzard: Master Gamer-Papa Smuf (Worlds 2016)-Tom-S
15/01/2017,Jinteki,Tom,Corp,Wayland,Blue Sun: Powering the Future,Psycho Sun and Silver Moon (v0.1),,Greg,Runner,Anarch,MaxX: Maximum Punk Rock,Magnus and Eater + Keyhole,,Tom,K,0,2,Corp,,,,,,,Blue Sun: Powering the Future-Psycho Sun and Silver Moon (v0.1)-Tom-K
15/01/2017,Jinteki,Tom,Corp,Wayland,Blue Sun: Powering the Future,Psycho Sun and Silver Moon (v0.1),,eadipus,Runner,Criminal,Andromeda: Dispossessed Ristie,"Rebirth, Conection and blackfile",,Tom,S,7,4,Corp,,Blackfile is an intresting card. Also Aaron is remove not avoid and draws cards,,,,,Blue Sun: Powering the Future-Psycho Sun and Silver Moon (v0.1)-Tom-S
16/01/2017,Jinteki,Tom,Corp,Jinteki,Jinteki: Replicating Perfection,Only spiky ICE is good ICE (eadipus Deck),,Hathrul,Runner,Shaper,"Kate ""Mac"" McCaffrey: Digital Tinker",Reavershop,,Tom,C,5,6,Corp,,Oppenent conceded with 2 cards left. I would of won via Bio Effecs,,,,,Jinteki: Replicating Perfection-Only spiky ICE is good ICE (eadipus Deck)-Tom-C
17/01/2017,Jinteki,Tom,Runner,Shaper,Hayley Kaplan: Universal Scholar,Temi Fork (v0.2),,Nemonix,Corp,NBN,Near-Earth Hub: Broadcast Center,Power Shutdown Combo,,Tom,C,4,3,Runner,,Oponent couldnt get Combo off,,,,,Hayley Kaplan: Universal Scholar-Temi Fork (v0.2)-Tom-C
17/01/2017,Jinteki,Tom,Corp,Wayland,Gagarin Deep Space: Expanding the Horizon,SIBRB (v8.1) (Anit SFIR),,ShutdownRunner,Runner,Criminal,Andromeda: Dispossessed Ristie,Ben Ni Deucs Wild Deck,,Tom,S,7,6,Corp,,Went back from 4-0. Opponet couldnt find Gordian. Very nice player,,,,,Gagarin Deep Space: Expanding the Horizon-SIBRB (v8.1) (Anit SFIR)-Tom-S
18/01/2017,Jinteki,Tom,Corp,Wayland,Gagarin Deep Space: Expanding the Horizon,SIBRB (v8.1) (Anit SFIR),,Janktivist,Runner,Shaper,"Kate ""Mac"" McCaffrey: Digital Tinker","SIFR, Parasite recusion + Atman",,Tom,S,7,6,Corp,,"More luck then judgment, runner could not find the agendas in R&D",,,,,Gagarin Deep Space: Expanding the Horizon-SIBRB (v8.1) (Anit SFIR)-Tom-S
19/01/2017,Home,Tom,Runner,Shaper,Hayley Kaplan: Universal Scholar,Temi Fork (v0.1),,Bill,Corp,Haas-Bioroid,Haas-Bioroid: Engineering the Future,Jeeves biroid,,Bill,S,6,8,Corp,,Got locked out for cost and no clot. Normal HB issue,,,,,Hayley Kaplan: Universal Scholar-Temi Fork (v0.1)-FALSE-S
19/01/2017,Jinteki,Tom,Corp,Jinteki,Jinteki: Replicating Perfection,Only spiky ICE is good ICE (eadipus Deck),,nightflower,Corp,Haas-Bioroid,Whizzard: Master Gamer,,,Tom,K,1,0,Corp,,Oppenent got carried away trashing things,,,,,Jinteki: Replicating Perfection-Only spiky ICE is good ICE (eadipus Deck)-Tom-K
20/01/2017,Jinteki,Tom,Runner,Shaper,Hayley Kaplan: Universal Scholar,Temi Fork (v0.3),,YoMammaSoFat,Corp,Haas-Bioroid,Haas-Bioroid: Engineering the Future,Asset Spam with Jeeves and HHN,,Tom,S,8,0,Runner,,Should never mulligan form a proco. Aaron is usful in many match ups,,,,,Hayley Kaplan: Universal Scholar-Temi Fork (v0.3)-Tom-S
20/01/2017,Jinteki,Tom,Runner,Shaper,Hayley Kaplan: Universal Scholar,Temi Fork (v0.3),,SuperKick,Corp,Wayland,Gagarin Deep Space: Expanding the Horizon,54 Cards,,SuperKick,S,6,7,Corp,,Againts Asset spam mulligan for Temi not Proco. Also trash thing like trubile shooter,,,,,Hayley Kaplan: Universal Scholar-Temi Fork (v0.3)-FALSE-S
20/01/2017,Jinteki,Tom,Runner,Shaper,Hayley Kaplan: Universal Scholar,Temi Fork (v0.3),,asdfghjkl,Corp,NBN,NBN: Controlling the Message,Looks like Worlds deck,,Tom,C,2,1,Runner,,Oppiontent disconected,,,,,Hayley Kaplan: Universal Scholar-Temi Fork (v0.3)-Tom-C
21/01/2017,Jinteki,Tom,Corp,Wayland,Gagarin Deep Space: Expanding the Horizon,SIBRB (v8.1) (Anit SFIR),,nbennet,Runner,Shaper,"Ele ""Smoke"" Scovak: Cynosure of the Net",CodeM Smoke w/Scubber and Dagger,,nbennet,S,2,8,Runner,,Shapers run index,,,,,#REF!
21/01/2017,Home,Tom,Corp,Jinteki,Jinteki: Potential Unleashed,Potatos,,Bill,Runner,Neutral,Sunny Lebeau: Security Specialist,,,Tom,K,6,4,Corp,,,,,,,Jinteki: Potential Unleashed-Potatos-Tom-K
22/01/2017,Home,Tom,Corp,Haas-Bioroid,Haas-Bioroid: Engineering the Future,Sandvich,,Zoe,Runner,Shaper,"Ele ""Smoke"" Scovak: Cynosure of the Net",,,Tom,S,8,0,Corp,,,,,,,Haas-Bioroid: Engineering the Future-Sandvich-Tom-S
22/01/2017,Home,Tom,Corp,Haas-Bioroid,Haas-Bioroid: Engineering the Future,Sandvich,,Zoe,Runner,Shaper,"Ele ""Smoke"" Scovak: Cynosure of the Net",,,Tom,S,7,4,Corp,,,,,,,Haas-Bioroid: Engineering the Future-Sandvich-Tom-S
22/01/2017,Jinteki,Tom,Runner,Shaper,Hayley Kaplan: Universal Scholar,Temi Fork (v0.3),,Greg,Corp,Haas-Bioroid,Cybernetics Division: Humanity Upgraded,Brainstorm (Punitive & Brain Dam),,Greg,K,4,2,Corp,,Stay carlm with bad hand vs trap decks,,,,,Hayley Kaplan: Universal Scholar-Temi Fork (v0.3)-FALSE-K
22/01/2017,Jinteki,Tom,Runner,Shaper,Hayley Kaplan: Universal Scholar,Temi Fork (v0.3),,Greg,Corp,Wayland,Gagarin Deep Space: Expanding the Horizon,Ronald 5,,Tom,S,7,4,Runner,,Take time,,,,,Hayley Kaplan: Universal Scholar-Temi Fork (v0.3)-Tom-S
22/01/2017,Jinteki,Tom,Corp,Wayland,Gagarin Deep Space: Expanding the Horizon,SIBRB (v8.3) (Anit SFIR),,Greg,Runner,Anarch,MaxX: Maximum Punk Rock,Opus Key,,Tom,S,7,4,Corp,,When people don't trash it works,,,,,Gagarin Deep Space: Expanding the Horizon-SIBRB (v8.3) (Anit SFIR)-Tom-S
22/01/2017,Jinteki,Tom,Corp,Jinteki,Jinteki: Replicating Perfection,Only spiky ICE is good ICE (eadipus Deck),,Greg,Runner,Shaper,Nasir Tomidan: Cyber Explorer,Jessy,,Greg,S,3,8,Runner,,,,,,,Jinteki: Replicating Perfection-Only spiky ICE is good ICE (eadipus Deck)-FALSE-S
23/01/2017,Jinteki,Tom,Corp,Wayland,Gagarin Deep Space: Expanding the Horizon,SIBRB (v8.3) (Anit SFIR),,Greg,Runner,Anarch,MaxX: Maximum Punk Rock,Opus Key,,Tom,S,7,4,Corp,,,,,,,
23/01/2017,Jinteki,Tom,Runner,Shaper,Hayley Kaplan: Universal Scholar,Temi Fork (v0.3),,Greg,Corp,Wayland,GRNDL: Power Unleashed,Portsmouth SC Deck,,Greg,K,2,5,Corp,,,,,,,
23/01/2017,Jinteki,Tom,Runner,Shaper,Hayley Kaplan: Universal Scholar,Temi Fork (v0.3),,Greg,Corp,Haas-Bioroid,Cybernetics Division: Humanity Upgraded,Brainstorm (Punitive & Brain Dam),,Greg,S,2,8,Corp,,,,,,,
23/01/2017,Jinteki,Tom,Runner,Shaper,Hayley Kaplan: Universal Scholar,Temi Fork (v0.3),,Greg,Corp,Wayland,GRNDL: Power Unleashed,Portsmouth SC Deck,,Tom,S,7,3,Runner,,,,,,,
24/01/2017,Jinteki,Tom,Corp,Wayland,Gagarin Deep Space: Expanding the Horizon,SIBRB (v8.3) (Anit SFIR),,TheDestroyer,Runner,Anarch,Noise: Hacker Extraordinaire,Apoc and few Virus,,TheDestroyer,S,6,7,Runner,,"Be patiant, think",,,,,
24/01/2017,Jinteki,Tom,Corp,Wayland,Gagarin Deep Space: Expanding the Horizon,SIBRB (v8.3) (Anit SFIR),,leachrode,Runner,Criminal,Leela Patel: Trained Pragmatist,,,leachrode,S,5,8,Runner,,,,,,,
24/01/2017,Jinteki,Tom,Runner,Shaper,Hayley Kaplan: Universal Scholar,Temi Fork (v0.3),,leachrode,Corp,Haas-Bioroid,Haas-Bioroid: Engineering the Future,Jammy HB,,leachrode,K,4,2,Corp,,,,,,,
26/01/2017,Home,Tom,Corp,Wayland,Weyland Consortium: Building a Better World,Beyoken Challenge Deck (v0.2),,Bill,Runner,Neutral,Sunny Lebeau: Security Specialist,,,Tom,S,8,6,Corp,,,,,,,
27/01/2017,Jinteki,Tom,Corp,Wayland,Weyland Consortium: Building a Better World,Beyoken Challenge Deck (v0.3),,Krachn,Runner,Neutral,Sunny Lebeau: Security Specialist,Power Tap Good stuff,,Krachn,S,4,8,Runner,,Need to rush more,,,,,
27/01/2017,Jinteki,Tom,Corp,Wayland,Weyland Consortium: Building a Better World,Beyoken Challenge Deck (v0.3),,NorwebManu,Runner,Criminal,Andromeda: Dispossessed Ristie,Takeshi's Castle 2.0,,Tom,C,2,4,Corp,,Draw as opponent had to go But had Op on the ropes,,,,,
27/01/2017,Jinteki,Tom,Corp,Wayland,Weyland Consortium: Building a Better World,Beyoken Challenge Deck (v0.3),,Bousa,Runner,Anarch,Edward Kim: Humanity's Hammer,Temi + Conspricy Breackers,,Tom,S,7,6,Corp,,,,,,,
27/01/2017,Jinteki,Tom,Corp,Wayland,Weyland Consortium: Building a Better World,Beyoken Challenge Deck (v0.3),,Greg,Runner,Anarch,MaxX: Maximum Punk Rock,Opus Key,,Tom,S,7,6,Corp,,,,,,,
27/01/2017,Jinteki,Tom,Runner,Shaper,Hayley Kaplan: Universal Scholar,Temi Fork  w/SIFR (v0.7),,Greg,Corp,Wayland,GRNDL: Power Unleashed,Portsmouth SC Deck,,Tom,S,8,3,Runner,,Intresting deck not sure,,,,,
27/01/2017,Jinteki,Tom,Corp,Wayland,Gagarin Deep Space: Expanding the Horizon,SIBRB (v8.6)(54 Card),,Greg,Runner,Anarch,MaxX: Maximum Punk Rock,Opus Key,,Tom,S,8,0,Corp,,,,,,,
27/01/2017,Jinteki,Tom,Runner,Shaper,Hayley Kaplan: Universal Scholar,Temi Fork (v0.5),,Greg,Corp,Haas-Bioroid,Cybernetics Division: Humanity Upgraded,Brainstorm (Punitive & Brain Dam),,Tom,S,8,2,Runner,,,,,,,
27/01/2017,Jinteki,Tom,Runner,Shaper,Hayley Kaplan: Universal Scholar,Temi Fork (v0.5),,Greg,Corp,Haas-Bioroid,Cybernetics Division: Humanity Upgraded,Brainstorm (Punitive & Brain Dam),,Tom,S,10,2,Runner,,,,,,,
27/01/2017,Jinteki,Tom,Runner,Neutral,Adam: Compulsive Hacker,A Bioroid no longer in London (v0.1),,Greg,Corp,Wayland,Gagarin Deep Space: Expanding the Horizon,Gregs Gagarin (v0.3),,Tom,S,12,2,Runner,,,,,,,
28/01/2017,Home,Tom,Corp,Wayland,Weyland Consortium: Building a Better World,Beyoken Challenge Deck (v0.3),,Zoe,Runner,Shaper,"Ele ""Smoke"" Scovak: Cynosure of the Net",,,Tom,K,4,2,Corp,,,,,,,
28/01/2017,Home ,Tom,Corp,Wayland,Weyland Consortium: Building a Better World,Beyoken Challenge Deck (v0.3),,Zoe,Runner,Shaper,"Ele ""Smoke"" Scovak: Cynosure of the Net",,,Zoe,S,6,8,Runner,,,,,,,
29/01/2017,Cheep Thrills ,Tom,Runner,Shaper,Hayley Kaplan: Universal Scholar,Temi Fork (v0.6),,Chris,Corp,NBN,Harishchandra Ent.: Where You're the Star,24/7 Boom,,Tom,S,7,5,Runner,,,,,,,
29/01/2017,Cheep Thrills ,Tom,Corp,Wayland,Gagarin Deep Space: Expanding the Horizon,SIBRB (v8.7)(54 Card),,Chris,Runner,Shaper,"Rielle ""Kit"" Peddler: Transhuman",??,,Tom,K,0,5,Corp,,,,,,,
29/01/2017,Cheep Thrills ,Tom,Corp,Wayland,Gagarin Deep Space: Expanding the Horizon,SIBRB (v8.7)(54 Card),,Tim,Runner,Criminal,"Armand ""Geist"" Walker: Tech Lord",Generic Giest ,,Tom,S,5,2,Corp,,,,,,,
29/01/2017,Cheep Thrills ,Tom,Runner,Shaper,Hayley Kaplan: Universal Scholar,Temi Fork (v0.6),,Tim,Corp,NBN,NBN: Making News,Tag taxing,,Tom,S,8,3,Runner,,,,,,,
29/01/2017,Cheep Thrills ,Tom,Runner,Shaper,Hayley Kaplan: Universal Scholar,Temi Fork (v0.6),,Colin,Corp,Wayland,Blue Sun: Powering the Future,Psycho Sun,,Colin,S,6,8,Corp,,,,,,,
29/01/2017,Cheep Thrills ,Tom,Corp,Wayland,Gagarin Deep Space: Expanding the Horizon,SIBRB (v8.7)(54 Card),,Colin,Runner,Anarch,Edward Kim: Humanity's Hammer,,,Tom,S,4,0,Corp,,Timmed win,,,,,
29/01/2017,Cheep Thrills ,Tom,Corp,Wayland,Gagarin Deep Space: Expanding the Horizon,SIBRB (v8.7)(54 Card),,Matt,Runner,Anarch,Valencia Estevez: The Angel of Cayambe,,,Tom,K,0,6,Corp,,,,,,,
29/01/2017,Cheep Thrills ,Tom,Runner,Shaper,Hayley Kaplan: Universal Scholar,Temi Fork (v0.6),,Matt,Corp,NBN,Near-Earth Hub: Broadcast Center,Power Shutdown Combo,,Matt,K,6,1,Corp,,Need to.lean could combos,,,,,
29/01/2017,Cheep Thrills ,Tom,Corp,Wayland,Gagarin Deep Space: Expanding the Horizon,SIBRB (v8.7)(54 Card),,Matt,Runner,Anarch,Valencia Estevez: The Angel of Cayambe,,,Tom,K,2,6,Corp,,,,,,,
29/01/2017,Cheep Thrills ,Tom,Runner,Shaper,Hayley Kaplan: Universal Scholar,Temi Fork (v0.6),,Colin,Corp,Wayland,Blue Sun: Powering the Future,,,Colin,S,4,7,Corp,,,,,,,
29/01/2017,Cheep Thrills ,Tom,Runner,Shaper,Hayley Kaplan: Universal Scholar,Temi Fork (v0.6),,Matt,Corp,Wayland,Blue Sun: Powering the Future,,,Matt,K,0,1,Corp,,,,,,,
29/01/2017,Cheep Thrills ,Zoe,Corp,Jinteki,Nisei Division: The Next Generation,Servant Psi,,Tim,Runner,Criminal,"Armand ""Geist"" Walker: Tech Lord",,,Tim,S,0,7,Runner,,,,,,,
29/01/2017,Cheep Thrills ,Zoe,Runner,Shaper,"Ele ""Smoke"" Scovak: Cynosure of the Net",,,Tim,Corp,NBN,NBN: Making News,Door to Door,,Tim,K,2,5,Corp,,,,,,,
29/01/2017,Cheep Thrills ,Zoe,Corp,Jinteki,Nisei Division: The Next Generation,Servant Psi,,Colin (IoW),Runner,Criminal,Laramy Fisk: Savvy Investor,,,Colin (IoW),S,5,7,Runner,,,,,,,
29/01/2017,Cheep Thrills ,Zoe,Runner,Shaper,"Ele ""Smoke"" Scovak: Cynosure of the Net",,,Colin (IoW),Corp,Jinteki,Tennin Institute: The Secrets Within,,,Zoe,S,7,5,Runner,,,,,,,
29/01/2017,Cheep Thrills ,Zoe,Corp,Jinteki,Nisei Division: The Next Generation,Servant Psi,,Greg,Runner,Anarch,MaxX: Maximum Punk Rock,Opus Key,,Greg,S,5,7,Runner,,,,,,,
29/01/2017,Cheep Thrills ,Zoe,Runner,Shaper,"Ele ""Smoke"" Scovak: Cynosure of the Net",,,Greg,Corp,Haas-Bioroid,Cybernetics Division: Humanity Upgraded,Brainstorm (Punitive & Brain Dam),,Greg,K,4,2,Corp,,,,,,,
29/01/2017,Cheep Thrills ,Zoe,Corp,Jinteki,Nisei Division: The Next Generation,Servant Psi,,Will,Runner,Shaper,"Ele ""Smoke"" Scovak: Cynosure of the Net",,,Will,S,6,7,Runner,,,,,,,
29/01/2017,Cheep Thrills ,Zoe,Runner,Shaper,"Ele ""Smoke"" Scovak: Cynosure of the Net",,,Will,Corp,Jinteki,Pālanā Foods: Sustainable Growth,,,Zoe,S,7,3,Runner,,,,,,,
29/01/2017,IoW Car Ferry ,Tom,Runner,Anarch,MaxX: Maximum Punk Rock,Opus Key,,Greg,Corp,Haas-Bioroid,Cybernetics Division: Humanity Upgraded,,,Greg,K,6,4,Corp,,,,,,,
04/02/2017,Home,Tom,Runner,Anarch,Edward Kim: Humanity's Hammer,Left hand of Human Justic (v0.3),,Bill,Corp,Haas-Bioroid,Haas-Bioroid: Engineering the Future,I Haas Your Clicks,,Bill,S,5,7,Corp,,,,,,,
04/02/2017,Home,Tom,Runner,Anarch,Edward Kim: Humanity's Hammer,Left hand of Human Justic (v0.3),,Zoe,Corp,Haas-Bioroid,Haas-Bioroid: Architects of Tomorrow,I Haas Your Clicks,,Tom,S,7,2,Runner,,,,,,,
04/02/2017,Home,Tom,Runner,Anarch,Edward Kim: Humanity's Hammer,Left hand of Human Justic (v0.3),,Zoe,Corp,Haas-Bioroid,Haas-Bioroid: Architects of Tomorrow,I Haas Your Clicks,,Zoe,S,2,7,Corp,,,,,,,
05/02/2017,Home,Tom,Runner,Anarch,Edward Kim: Humanity's Hammer,Left hand of Human Justic (v0.3),,Zoe,Corp,Haas-Bioroid,Haas-Bioroid: Architects of Tomorrow,I Haas Your Clicks,,Tom,S,7,2,Runner,,,,,,,
05/02/2017,Home,Tom,Runner,Anarch,Edward Kim: Humanity's Hammer,Left hand of Human Justic (v0.3),,Zoe,Corp,Haas-Bioroid,Haas-Bioroid: Architects of Tomorrow,I Haas Your Clicks,,Tom ,S,7,2,Corp,,,,,,,
05/02/2017,Home,Tom,Runner,Anarch,Edward Kim: Humanity's Hammer,Left hand of Human Justic (v0.3),,Zoe,Corp,Haas-Bioroid,Haas-Bioroid: Architects of Tomorrow,I Haas Your Clicks,,Tom,S,9,0,Runner,,,,,,,
05/02/2017,Home,Tom,Corp,Wayland,Weyland Consortium: Building a Better World,Beyoken Challenge Deck (v0.5),,Zoe,Runner,Shaper,"Ele ""Smoke"" Scovak: Cynosure of the Net",Smoky the Cat,,Zoe,S,0,2,Runner,,Ran out of time,,,,,
05/02/2017,Jinteki,Tom,Corp,Jinteki,Harmony Medtech: Biomedical Pioneer,HM 1.1.1.1 (v0.1),,Greg,Runner,Anarch,MaxX: Maximum Punk Rock,Opus Max,,Tom,K,0,0,Corp,,,,,,,
05/02/2017,Jinteki,Tom,Runner,Anarch,Noise: Hacker Extraordinaire,Noise 1.1.1.1 (v0.1),,Greg,Corp,Wayland,GRNDL: Power Unleashed,Punitive,,Tom,S,7,0,Runner,,,,,,,
05/02/2017,Jinteki,Tom,Corp,Jinteki,Jinteki: Replicating Perfection,Only spiky ICE is good ICE (eadipus Deck),,Greg,Runner,Criminal,Leela Patel: Trained Pragmatist,Bakesale,,Tom,S,7,5,Corp,,,,,,,
10/02/2017,Home,Tom,Runner,Neutral,Adam: Compulsive Hacker,A Bioroid no longer in London (v0.1),,Bill,Corp,Haas-Bioroid,Haas-Bioroid: Engineering the Future,,,Tom,S,8,0,Runner,,,,,,,
10/02/2017,Home,Tom,Corp,Haas-Bioroid,Haas-Bioroid: Architects of Tomorrow,I Haas Your Clicks,,Bill,Runner,Neutral,Sunny Lebeau: Security Specialist,,,Bill,S,4,7,Runner,,,,,,,
11/02/2017,Home,Tom,Runner,Neutral,Sunny Lebeau: Security Specialist,Bill's Deck,,Bill,Corp,Haas-Bioroid,Haas-Bioroid: Engineering the Future,,,Tom,S,7,2,Runner,,,,,,,
11/02/2017,Home,Tom,Corp,Wayland,Weyland Consortium: Building a Better World,Beyoken Challenge Deck (v0.5),,Zoe,Runner,Shaper,"Ele ""Smoke"" Scovak: Cynosure of the Net",Smoky the Cat,,Tom,K,0,4,Corp,,,,,,,
12/02/2017,Brewhouse & Kitchen,Tom,Corp,Jinteki,Jinteki: Potential Unleashed,Potatos,,Greg ,Runner,Anarch,MaxX: Maximum Punk Rock,Opus Max,,Tom,K,2,3,Corp,,,,,,,
12/02/2017,Brewhouse & Kitchen,Tom,Runner,Anarch,Edward Kim: Humanity's Hammer,Left hand of Human Justic (v0.3),,Greg,Corp,Haas-Bioroid,Cybernetics Division: Humanity Upgraded,Brainstorm (Punitive & Brain Dam),,Tom,S,8,4,Runner,,,,,,,
12/02/2017,Home,Tom,Runner,Shaper,"Ele ""Smoke"" Scovak: Cynosure of the Net",Smoky the Cat,,Zoe,Corp,Haas-Bioroid,Haas-Bioroid: Architects of Tomorrow,I Haas Your Clicks,,Tom,S,9,2,Runner,,,,,,,
12/02/2017,Home,Tom,Runner,Shaper,"Ele ""Smoke"" Scovak: Cynosure of the Net",Smoky the Cat,,Zoe,Corp,Haas-Bioroid,Haas-Bioroid: Architects of Tomorrow,I Haas Your Clicks,,Tom,S,8,0,Runner,,,,,,,
12/02/2017,Home,Tom,Runner,Anarch,Edward Kim: Humanity's Hammer,Left hand of Human Justic (v0.3),,Zoe,Corp,Haas-Bioroid,Haas-Bioroid: Architects of Tomorrow,I Haas Your Clicks,,Tom,S,9,2,Runner,,,,,,,
12/02/2017,Home,Tom,Corp,Haas-Bioroid,Haas-Bioroid: Architects of Tomorrow,I Haas Your Clicks,,Zoe,Runner,Shaper,"Ele ""Smoke"" Scovak: Cynosure of the Net",Smoky the Cat,,Tom,S,7,2,Corp,,,,,,,
12/02/2017,Brewhouse & Kitchen,Zoe,Corp,Haas-Bioroid,Haas-Bioroid: Architects of Tomorrow,I Haas Your Clicks,,Greg,Runner,Anarch,MaxX: Maximum Punk Rock,Opus Max,,Zoe,S,7,2,Corp,,,,,,,
12/02/2017,Brewhouse & Kitchen,Zoe,Runner,Shaper,"Ele ""Smoke"" Scovak: Cynosure of the Net",Smoky the Cat,,Greg,Corp,Haas-Bioroid,Cybernetics Division: Humanity Upgraded,Brainstorm (Punitive & Brain Dam),,Greg,S,4,7,Corp,,,,,,,
13/02/2017,Home,Tom,Runner,Shaper,"Ele ""Smoke"" Scovak: Cynosure of the Net",Smoky the Cat,,Zoe,Corp,Haas-Bioroid,Haas-Bioroid: Architects of Tomorrow,I Haas Your Clicks,,Tom,S,8,4,Runner,,Close game. 2 advance 5/3 pn board out of rich so last ditch 3 Card R+D dig for last 2 points,,,,,
14/02/2017,Jinteki,Tom,Corp,Wayland,Weyland Consortium: Building a Better World,Beyoken Challenge Deck (v0.5),,infinity4,Corp,Haas-Bioroid,Whizzard: Master Gamer,,,infinity4,S,0,10,Corp,,"R+D Hated me, Aggendas and no ice",,,,,
17/02/2017,Home,Tom,Corp,Wayland,Weyland Consortium: Building a Better World,Beyoken Challenge Deck (v0.5),,Zoe,Runner,Shaper,"Ele ""Smoke"" Scovak: Cynosure of the Net",Smoky the Cat,,Tom,K,4,6,Corp,,,,,,,
17/02/2017,Home,Tom,Runner,Neutral,Adam: Compulsive Hacker,A Bioroid no longer in London (v0.1),,Zoe,Corp,Haas-Bioroid,Haas-Bioroid: Architects of Tomorrow,I Haas Your Clicks,,Tom,S,7,2,Runner,,,,,,,
18/02/2017,Home,Tom,Runner,Anarch,Edward Kim: Humanity's Hammer,Left hand of Human Justic (v0.3),,Zoe,Corp,Haas-Bioroid,Haas-Bioroid: Architects of Tomorrow,I Haas Your Clicks,,Tom,S,7,0,Runner,,,,,,,
18/02/2017,Home,Tom,Runner,Anarch,Edward Kim: Humanity's Hammer,Left hand of Human Justic (v0.5),,Zoe,Corp,Haas-Bioroid,Haas-Bioroid: Architects of Tomorrow,I Haas Your Clicks,,Tom,S,7,0,Runner,,,,,,,
18/02/2017,Home,Tom,Corp,Haas-Bioroid,Haas-Bioroid: Architects of Tomorrow,I Haas Your Clicks,,Zoe,Runner,Anarch,Edward Kim: Humanity's Hammer,Sifr Kim,,Tom,S,7,0,Corp,,,,,,,
18/02/2017,Home ,Zoe,Corp,Haas-Bioroid,Haas-Bioroid: Architects of Tomorrow,I Haas Your Clicks,,Bill,Runner,Neutral,Sunny Lebeau: Security Specialist,,,Bill,S,6,7,Runner,,,,,,,
18/02/2017,Home,Tom,Corp,NBN,Spark Agency: Worldswide Reach,Silly Spark,,Zoe,Runner,Shaper,"Ele ""Smoke"" Scovak: Cynosure of the Net",,,Tom,S,6,8,Corp,,,,,,,
19/02/2017,Home,Tom,Runner,Neutral,Adam: Compulsive Hacker,A Bioroid no longer in London (v0.1),,Zoe,Corp,Haas-Bioroid,Haas-Bioroid: Architects of Tomorrow,I Haas Your Clicks,,Tom,S,7,4,Runner,,,,,,,
21/02/2017,Home,Tom,Runner,Anarch,Edward Kim: Humanity's Hammer,Left hand of Human Justic (v0.5),,Zoe,Corp,Haas-Bioroid,Haas-Bioroid: Architects of Tomorrow,I Haas Your Clicks,,Tom,S,7,5,Runner,,,,,,,
21/02/2017,Home,Tom,Corp,NBN,Spark Agency: Worldswide Reach,Silly Spark,,Zoe,Runner,Shaper,"Ele ""Smoke"" Scovak: Cynosure of the Net",Smoky the Cat,,Zoe,S,5,7,Runner,,,,,,,
23/02/2017,Home,Tom,Corp,Wayland,Jemison Astronautics: Sacrifice. Audacity. Success.,New Jank,,Zoe,Runner,Shaper,Chaos Theory: Wünderkind,Peek 'a' Boo v2,,Tom,S,7,2,Corp,,,,,,,
23/02/2017,Home,Tom,Corp,Wayland,Jemison Astronautics: Sacrifice. Audacity. Success.,New Jank,,Zoe,Runner,Shaper,Chaos Theory: Wünderkind,Peek 'a' Boo v2,,Tom,S,9,2,Corp,,,,,,,
26/02/2017,Brewhouse & Kitchen,Zoe,Corp,Haas-Bioroid,Haas-Bioroid: Architects of Tomorrow,I Haas Your Clicks,,Colin ,Runner,Shaper,"Ele ""Smoke"" Scovak: Cynosure of the Net",,,Colin,S,2,8,Runner,,,,,,,
26/02/2017,Brewhouse & Kitchen,Zoe,Runner,Shaper,Chaos Theory: Wünderkind,Peek 'a' Boo v2,,Colin,Corp,NBN,New Angeles Sol: Your News,,,Colin,S,0,7,Corp,,,,,,,
26/02/2017,Brewhouse & Kitchen,Tom,Corp,Wayland,Jemison Astronautics: Sacrifice. Audacity. Success.,Silly Jemison,,Scott,Runner,Shaper,"Ele ""Smoke"" Scovak: Cynosure of the Net",,,Scott,S,2,7,Runner,,forfeit all the agendaa,,,,,
26/02/2017,Brewhouse & Kitchen,Tom,Runner,Neutral,Adam: Compulsive Hacker,A Bioroid no longer in London (v0.2),,Colin,Corp,NBN,New Angeles Sol: Your News,,,Colin,S,5,7,Corp,,,,,,,
26/02/2017,Brewhouse & Kitchen,Zoe,Runner,Shaper,Chaos Theory: Wünderkind,Peek 'a' Boo,,Scott,Corp,Wayland,Weyland Consortium: Builder of Nations,,,Scott,S,2,7,Corp,,,,,,,
26/02/2017,Brewhouse & Kitchen,Zoe,Corp,Haas-Bioroid,Haas-Bioroid: Architects of Tomorrow,I Haas Your Clicks (v0.2),,Scott,Runner,Criminal,"Armand ""Geist"" Walker: Tech Lord",,,Scott,S,2,8,Runner,,,,,,,
26/02/2017,Brewhouse & Kitchen,Zoe,Runner,Shaper,Chaos Theory: Wünderkind,Peek 'a' Boo v3,,Scott,Corp,NBN,Spark Agency: Worldswide Reach,,,Scott,S,2,7,Corp,,,,,,,
26/02/2017,Brewhouse & Kitchen,Tom,Corp,NBN,NBN: Controlling the Message,Zoes CTM,,Colin,Runner,Shaper,"Ele ""Smoke"" Scovak: Cynosure of the Net",,,Tom,S,7,3,Corp,,,,,,,
26/02/2017,Brewhouse & Kitchen,Tom,Runner,Anarch,Edward Kim: Humanity's Hammer,Left hand of Human Justic (v0.5),,Colin,Corp,NBN,New Angeles Sol: Your News,,,Colin,S,4,7,Corp,,,,,,,
05/03/2017,Home,Tom,Corp,Jinteki,Harmony Medtech: Biomedical Pioneer,HamingU Medtech (v0.1) (Uno),,Zoe,Runner,Shaper,Chaos Theory: Wünderkind,1.1.1.1,,Tom,K,5,4,Corp,,,,,,,
05/03/2017,Home,Tom,Runner,Anarch,Noise: Hacker Extraordinaire,Country Life - It's about Great Butter Not Great Britain (v0.1)(Uno),,Zoe,Corp,Haas-Bioroid,Haas-Bioroid: Architects of Tomorrow,1.1.1.1,,Tom,S,7,0,Runner,,,,,,,
07/03/2017,Home,Tom,Corp,Jinteki,Harmony Medtech: Biomedical Pioneer,HamingU Medtech (v0.1) (Uno),,Greg,Runner,Shaper,Chaos Theory: Wünderkind,1.1.1.1,,Greg,S,2,6,Runner,,,,,,,
07/03/2017,Home,Tom,Corp,Jinteki,Harmony Medtech: Biomedical Pioneer,HamingU Medtech (v0.1) (Uno),,Greg,Runner,Shaper,Chaos Theory: Wünderkind,1.1.1.1,,Tom,K,0,0,Corp,,,,,,,
07/03/2017,Home,Tom,Corp,Jinteki,Harmony Medtech: Biomedical Pioneer,HamingU Medtech (v0.1) (Uno),,Greg,Runner,Shaper,Chaos Theory: Wünderkind,1.1.1.1,,Tom,K,0,0,Corp,,,,,,,
07/03/2017,Home,Tom,Runner,Anarch,Noise: Hacker Extraordinaire,Country Life - It's about Great Butter Not Great Britain (v0.1)(Uno),,Greg,Runner,Anarch,Noise: Hacker Extraordinaire,1.1.1.1,,Tom,S,7,0,Runner,,,,,,,
07/03/2017,Home,Tom,Runner,Anarch,Noise: Hacker Extraordinaire,Country Life - It's about Great Butter Not Great Britain (v0.1)(Uno),,Greg,Runner,Anarch,Noise: Hacker Extraordinaire,1.1.1.1,,Tom,S,7,2,Runner,,,,,,,
07/03/2017,Home,Zoe,Corp,Haas-Bioroid,Haas-Bioroid: Architects of Tomorrow,1.1.1.1,,Greg,Runner,Shaper,Chaos Theory: Wünderkind,1.1.1.1,,Greg,S,1,8,Runner,,,,,,,
08/03/2017,Home,Tom,Corp,Wayland,Jemison Astronautics: Sacrifice. Audacity. Success.,Jem (v0.1),,Zoe,Runner,Shaper,Chaos Theory: Wünderkind,1.1.1.1,,Tom,K,2,4,Corp,,,,,,,
08/03/2017,Home,Tom,Corp,Jinteki,Harmony Medtech: Biomedical Pioneer,HamingU Medtech (v0.1) (Uno),,Zoe,Runner,Shaper,Chaos Theory: Wünderkind,1.1.1.1,,Tom,S,6,0,Corp,,,,,,,
08/03/2017,Home,Tom,Runner,Anarch,Noise: Hacker Extraordinaire,Country Life - It's about Great Butter Not Great Britain (v0.1)(Uno),,Zoe,Corp,Haas-Bioroid,Haas-Bioroid: Architects of Tomorrow,1.1.1.1,,Tom,S,7,1,Runner,,,,,,,
09/03/2017,Home,Tom,Runner,Anarch,Noise: Hacker Extraordinaire,Country Life - It's about Great Butter Not Great Britain (v0.1)(Uno),,Greg,Corp,Wayland,Gagarin Deep Space: Expanding the Horizon,Johonny Five,,Tom,S,7,0,Runner,,,,,,,
09/03/2017,Home,Tom,Corp,Jinteki,Harmony Medtech: Biomedical Pioneer,HamingU Medtech (v0.1) (Uno),,Greg,Runner,Shaper,Chaos Theory: Wünderkind,1.1.1.1,,Tom,S,6,2,Corp,,,,,,,
09/03/2017,Home,Tom,Runner,Anarch,Noise: Hacker Extraordinaire,Country Life - It's about Great Butter Not Great Britain (v0.1)(Uno),,Greg,Corp,Haas-Bioroid,The Foundry: Refining the Process,1.1.1.1,,Greg,K,4,6,Corp,,,,,,,
09/03/2017,Home,Tom,Corp,Jinteki,Harmony Medtech: Biomedical Pioneer,HamingU Medtech (v0.1) (Uno),,Greg,Runner,Shaper,Chaos Theory: Wünderkind,1.1.1.1,,Tom,K,0,0,Corp,,,,,,,
09/03/2017,Home,Tom,Corp,Jinteki,Harmony Medtech: Biomedical Pioneer,HamingU Medtech (v0.1) (Uno),,Greg,Runner,Shaper,Chaos Theory: Wünderkind,1.1.1.1,,Greg,S,4,8,Runner,,,,,,,
09/03/2017,Home,Tom,Runner,Anarch,Noise: Hacker Extraordinaire,Country Life - It's about Great Butter Not Great Britain (v0.1)(Uno),,Greg,Corp,Haas-Bioroid,The Foundry: Refining the Process,1.1.1.1,,Tom,S,8,2,Runner,,,,,,,
11/03/2017,Home,Tom,Runner,Anarch,Noise: Hacker Extraordinaire,Country Life - It's about Great Butter Not Great Britain (v0.1)(Uno),,Zoe,Corp,Haas-Bioroid,Haas-Bioroid: Architects of Tomorrow,1.1.1.1,,Tom,S,7,1,Runner,,,,,,,
11/03/2017,Home,Tom,Runner,Anarch,Noise: Hacker Extraordinaire,Country Life - It's about Great Butter Not Great Britain (v0.1)(Uno),,Zoe,Corp,Haas-Bioroid,Haas-Bioroid: Engineering the Future,1.1.1.1,,Tom,S,7,2,Runner,,,,,,,
11/03/2017,Home,Tom,Corp,Jinteki,Harmony Medtech: Biomedical Pioneer,HamingU Medtech (v0.1) (Uno),,Zoe,Runner,Shaper,Chaos Theory: Wünderkind,1.1.1.1,,Tom,S,6,1,Corp,,,,,,,
11/03/2017,Home,Tom,Corp,Jinteki,Harmony Medtech: Biomedical Pioneer,HamingU Medtech (v0.1) (Uno),,Zoe,Runner,Shaper,Chaos Theory: Wünderkind,1.1.1.1,,Tom,S,7,5,Corp,,,,,,,
12/03/2016,Fist Full Dice,Zoe,Runner,Shaper,Chaos Theory: Wünderkind,1.1.1.1,,Peter Cox,Corp,NBN,"SYNC: Everything, Everywhere",1.1.1.1,,Peter Cox,K,4,2,Corp,,,,,,,
12/03/2016,Fist Full Dice,Zoe,Corp,Haas-Bioroid,Haas-Bioroid: Architects of Tomorrow,1.1.1.1,,Peter Cox,Runner,Shaper,"Kate ""Mac"" McCaffrey: Digital Tinker",1.1.1.1,,Peter Cox,S,5,7,Runner,,,,,,,
12/03/2016,Fist Full Dice,Zoe,Runner,Shaper,Chaos Theory: Wünderkind,1.1.1.1,,Scott,Corp,Jinteki,Jinteki: Potential Unleashed,1.1.1.1,,Scott,S,5,7,Corp,,,,,,,
12/03/2016,Fist Full Dice,Zoe,Corp,Haas-Bioroid,Haas-Bioroid: Architects of Tomorrow,1.1.1.1,,Scott,Runner,Criminal,Leela Patel: Trained Pragmatist,1.1.1.1,,Scott,S,6,8,Runner,,,,,,,
12/03/2016,Fist Full Dice,Zoe,Runner,Shaper,Chaos Theory: Wünderkind,1.1.1.1,,Dan H,Corp,NBN,NBN: Making News,1.1.1.1,,Dan H,S,4,7,Corp,,,,,,,
12/03/2016,Fist Full Dice,Zoe,Corp,Haas-Bioroid,Haas-Bioroid: Architects of Tomorrow,1.1.1.1,,Dan H,Runner,Anarch,Edward Kim: Humanity's Hammer,1.1.1.1,,Dan H,S,6,7,Runner,,,,,,,
12/03/2016,Fist Full Dice,Zoe,Runner,Shaper,Chaos Theory: Wünderkind,1.1.1.1,,Kyle,Corp,Haas-Bioroid,Haas-Bioroid: Engineering the Future,1.1.1.1,,Zoe,S,7,6,Runner,,,,,,,
12/03/2016,Fist Full Dice,Zoe,Corp,Haas-Bioroid,Haas-Bioroid: Architects of Tomorrow,1.1.1.1,,Kyle,Runner,Criminal,"Ken ""Express"" Tenma: Disappeared Clone",1.1.1.1,,Kyle,S,5,7,Runner,,,,,,,
12/03/2016,Fist Full Dice,Tom,Runner,Anarch,Noise: Hacker Extraordinaire,HamingU Medtech (v0.1) (Uno) (v0.5),,Ben Rouse,Corp,NBN,NBN: Controlling the Message,1.1.1.1,,Ben Rouse,S,1,7,Corp,,,,,,,
12/03/2016,Fist Full Dice,Tom,Corp,Jinteki,Harmony Medtech: Biomedical Pioneer,HamingU Medtech (v0.7),,Ben Rouse,Corp,Haas-Bioroid,Whizzard: Master Gamer,1.1.1.1,,Ben Rouse,S,4,7,Corp,,,,,,,
12/03/2016,Fist Full Dice,Tom,Corp,Jinteki,Harmony Medtech: Biomedical Pioneer,HamingU Medtech (v0.7),,Dan H,Runner,Criminal,"Ken ""Express"" Tenma: Disappeared Clone",1.1.1.1,,Tom,K,2,2,Corp,,,,,,,
12/03/2016,Fist Full Dice,Tom,Runner,Anarch,Noise: Hacker Extraordinaire,Country Life - It's about Great Butter Not Great Britain (v0.5),,Dan H,Corp,NBN,NBN: Making News,1.1.1.1,,Tom,S,8,2,Runner,,,,,,,
12/03/2016,Fist Full Dice,Tom,Runner,Anarch,Noise: Hacker Extraordinaire,Country Life - It's about Great Butter Not Great Britain (v0.5),,Peter Cox,Corp,NBN,"SYNC: Everything, Everywhere",1.1.1.1,,Peter Cox,K,4,1,Corp,,24Hr ews to Boom,,,,,
12/03/2016,Fist Full Dice,Tom,Corp,Jinteki,Harmony Medtech: Biomedical Pioneer,HamingU Medtech (v0.7),,Peter Cox,Runner,Shaper,"Kate ""Mac"" McCaffrey: Digital Tinker",1.1.1.1,,Tom,K,3,5,Corp,,,,,,,
12/03/2016,Fist Full Dice,Tom,Corp,Jinteki,Harmony Medtech: Biomedical Pioneer,HamingU Medtech (v0.7),,Toby CD,Runner,Shaper,"Kate ""Mac"" McCaffrey: Digital Tinker",1.1.1.1,,Tom,S,6,5,Corp,,,,,,,
12/03/2016,Fist Full Dice,Tom,Runner,Anarch,Noise: Hacker Extraordinaire,Country Life - It's about Great Butter Not Great Britain (v0.5),,Toby CD,Corp,NBN,Near-Earth Hub: Broadcast Center,1.1.1.1,,Toby CD,S,5,7,Corp,,,,,,,
18/03/2017,Home,Tom,Runner,Anarch,Noise: Hacker Extraordinaire,Country Life - It's about Great Butter Not Great Britain (v0.5),,Bill,Corp,Haas-Bioroid,Haas-Bioroid: Engineering the Future,,,Bill,S,0,7,Corp,,,,,,,
18/03/2017,Home,Tom,Corp,Wayland,Jemison Astronautics: Sacrifice. Audacity. Success.,Jem (v0.1),,Bill,Runner,Neutral,Sunny Lebeau: Security Specialist,,,Tom,S,8,0,Corp,,,,,,,
19/03/2017,Home,Tom,Runner,Anarch,Noise: Hacker Extraordinaire,Country Life - It's about Great Butter Not Great Britain (v1.0) (Not Uno),,Zoe,Corp,Haas-Bioroid,Haas-Bioroid: Architects of Tomorrow,,,Tom,S,7,0,Runner,,,,,,,
19/03/2017,Home,Tom,Corp,Wayland,Jemison Astronautics: Sacrifice. Audacity. Success.,Jem (v0.1),,Zoe,Runner,Shaper,"Ele ""Smoke"" Scovak: Cynosure of the Net",,,Tom,S,7,0,Corp,,,,,,,
25/03/2017,Home,Tom,Corp,Wayland,Jemison Astronautics: Sacrifice. Audacity. Success.,Jem (v0.1),,Zoe,Runner,Shaper,Chaos Theory: Wünderkind,1.1.1.1,,Tom,K,1,2,Corp,,,,,,,
26/03/2017,Home,Tom,Runner,Neutral,Adam: Compulsive Hacker,A Bioroid no longer in London (v0.3),,Zoe,Corp,Haas-Bioroid,Haas-Bioroid: Architects of Tomorrow,,,Tom,S,7,2,Runner,,,,,,,
26/03/2017,Home,Tom,Runner,Neutral,Adam: Compulsive Hacker,A Bioroid no longer in London (v0.3),,Zoe,Corp,Haas-Bioroid,Haas-Bioroid: Architects of Tomorrow,,,Tom,S,7,0,Runner,,,,,,,
26/03/2017,Home,Tom,Corp,Wayland,Jemison Astronautics: Sacrifice. Audacity. Success.,Jem (v0.1),,Zoe,Runner,Shaper,Chaos Theory: Wünderkind,Peek 'a' Boo v3,,Tom,S,8,7,Corp,,,,,,,
26/03/2017,Home,Tom,Corp,Jinteki,Jinteki: Potential Unleashed,Potatos,,Zoe,Runner,Shaper,Chaos Theory: Wünderkind,Peek 'a' Boo v3,,Tom,K,4,3,Corp,,,,,,,
30/03/2017,Home,Tom,Runner,Anarch,Noise: Hacker Extraordinaire,Country Life - It's about Great Butter Not Great Britain (v1.0) (Not Uno),,Zoe,Corp,Haas-Bioroid,Haas-Bioroid: Architects of Tomorrow,,,Tom,S,7,2,Runner,,,,,,,
01/04/2017,Home,Tom,Runner,Anarch,Noise: Hacker Extraordinaire,Country Life - It's about Great Butter Not Great Britain (v1.0) (Not Uno),,Bill,Corp,Haas-Bioroid,Haas-Bioroid: Engineering the Future,,,Tom,S,7,2,Runner,,,,,,,
01/04/2017,Home,Tom,Runner,Anarch,Noise: Hacker Extraordinaire,Country Life - It's about Great Butter Not Great Britain (v1.0) (Not Uno),,Bill,Corp,Haas-Bioroid,Haas-Bioroid: Engineering the Future,,,Tom,S,8,6,Runner,,,,,,,
01/04/2017,Home,Tom,Corp,Haas-Bioroid,Haas-Bioroid: Engineering the Future,Corp Teaching Deck,,Bill,Runner,Neutral,Sunny Lebeau: Security Specialist,,,Tom,S,7,0,Corp,,,,,,,
01/04/2017,Home,Tom,Runner,Shaper,"Kate ""Mac"" McCaffrey: Digital Tinker",Runner Teaching Deck,,Bill,Corp,Haas-Bioroid,Haas-Bioroid: Engineering the Future,Teaching Deck,,Tom,S,8,3,Runner,,,,,,,
03/04/2017,Home,Tom,Runner,Anarch,Noise: Hacker Extraordinaire,Country Life - It's about Great Butter Not Great Britain (v1.0) (Not Uno),,Zoe,Corp,Haas-Bioroid,Haas-Bioroid: Architects of Tomorrow,,,Tom,S,7,4,Runner,,,,,,,
03/04/2017,Home,Tom,Runner,Neutral,Adam: Compulsive Hacker,A Bioroid no longer in London (v0.3),,Zoe,Corp,Haas-Bioroid,Haas-Bioroid: Architects of Tomorrow,,,Tom,S,8,2,Runner,,,,,,,
03/04/2017,Home,Tom,Corp,Wayland,Jemison Astronautics: Sacrifice. Audacity. Success.,Jem (v0.1),,Zoe,Runner,Shaper,Chaos Theory: Wünderkind,Peek 'a' Boo v3,,Tom,S,7,0,Corp,,,,,,,
06/04/2017,Home,Tom,Corp,Haas-Bioroid,Haas-Bioroid: Engineering the Future,Corp Teaching Deck,,Dan Pavy,Runner,Shaper,"Kate ""Mac"" McCaffrey: Digital Tinker",Teaching Deck,,Tom,S,7,4,Corp,,,,,,,
06/04/2017,Home,Tom,Corp,Haas-Bioroid,Haas-Bioroid: Engineering the Future,Corp Teaching Deck,,Dan Pavy,Runner,Shaper,"Kate ""Mac"" McCaffrey: Digital Tinker",Teaching Deck,,Tom,S,7,6,Corp,,,,,,,
09/04/2017,Brewhouse & Kitchen,Tom,Runner,Anarch,Noise: Hacker Extraordinaire,Country Life - It's about Great Butter Not Great Britain (v1.0) (Not Uno),,Colin,Corp,Jinteki,Pālanā Foods: Sustainable Growth,,,Colin,S,6,7,Corp,,,,,,,
09/04/2017,Brewhouse & Kitchen,Tom,Corp,Wayland,Jemison Astronautics: Sacrifice. Audacity. Success.,Jem (v0.1),,Colin,Runner,Anarch,Edward Kim: Humanity's Hammer,Hammer Time Kim,,Colin,S,6,7,Runner,,,,,,,
09/04/2017,Brewhouse & Kitchen,Tom,Runner,Neutral,Adam: Compulsive Hacker,A Bioroid no longer in London (v0.3),,Scott,Corp,Wayland,Jemison Astronautics: Sacrifice. Audacity. Success.,,,Tom,S,8,3,Runner,,,,,,,
09/04/2017,Brewhouse & Kitchen,Tom,Corp,Wayland,Jemison Astronautics: Sacrifice. Audacity. Success.,Jem (v0.1),,Scott,Runner,Shaper,"Ele ""Smoke"" Scovak: Cynosure of the Net",,,Tom,K,5,4,Corp,,,,,,,
13/04/2017,Home,Tom,Runner,Anarch,Noise: Hacker Extraordinaire,Country Life - It's about Great Butter Not Great Britain (v1.0) (Not Uno),,Bill,Corp,Haas-Bioroid,Haas-Bioroid: Engineering the Future,,,Tom,S,7,0,Runner,,,,,,,
13/04/2017,Home,Tom,Runner,Shaper,"Kate ""Mac"" McCaffrey: Digital Tinker",Runner Teaching Deck,,Dan Pavy,Corp,Haas-Bioroid,Haas-Bioroid: Engineering the Future,Teaching Deck,,Tom,S,7,6,Runner,,,,,,,
13/04/2017,Home,Tom,Runner,Shaper,"Kate ""Mac"" McCaffrey: Digital Tinker",Runner Teaching Deck,,Dan Pavy,Corp,Haas-Bioroid,Haas-Bioroid: Engineering the Future,Teaching Deck,,Dan P,S,6,7,Corp,,,,,,,
17/04/2017,Home,Tom,Runner,Anarch,Noise: Hacker Extraordinaire,Country Life - It's about Great Butter Not Great Britain (v1.0) (Not Uno),,Zoe,Corp,Haas-Bioroid,Haas-Bioroid: Architects of Tomorrow,,,Tom,S,7,2,Runner,,,,,,,
17/04/2017,Home,Tom,Runner,Anarch,Noise: Hacker Extraordinaire,Country Life - It's about Great Butter Not Great Britain (v1.0) (Not Uno),,Zoe,Corp,Haas-Bioroid,Haas-Bioroid: Architects of Tomorrow,,,Tom,S,9,0,Runner,,,,,,,
17/04/2017,Home,Tom,Corp,Wayland,Jemison Astronautics: Sacrifice. Audacity. Success.,Jem (v0.1),,Zoe,Runner,Shaper,Chaos Theory: Wünderkind,Peek 'a' Boo v3,,Tom,S,7,0,Corp,,,,,,,
17/04/2017,Home,Tom,Corp,Jinteki,Jinteki: Potential Unleashed,Potatos,,Zoe,Runner,Shaper,Chaos Theory: Wünderkind,Peek 'a' Boo v3,,Tom,K,2,6,Corp,,,,,,,
20/04/2017,Home,Tom,Corp,Haas-Bioroid,Haas-Bioroid: Engineering the Future,Corp Teaching Deck,,Dan Pavy,Runner,Shaper,"Kate ""Mac"" McCaffrey: Digital Tinker",Teaching Deck,,Tom,S,8,6,Corp,,,,,,,
22/04/2017,Home,Tom,Runner,Criminal,"Ken ""Express"" Tenma: Disappeared Clone",Prepaid Apoc Ken (v0.1),,Zoe,Corp,Haas-Bioroid,Haas-Bioroid: Architects of Tomorrow,,,Tom,S,7,2,Runner,,,,,,,
22/04/2017,Home,Tom,Runner,Shaper,Hayley Kaplan: Universal Scholar,Rushmore,,Zoe,Corp,Haas-Bioroid,Haas-Bioroid: Architects of Tomorrow,,,Tom,S,7,2,Runner,,,,,,,
22/04/2017,Home,Tom,Corp,Jinteki,Jinteki: Replicating Perfection,Only spiky ICE is good ICE (My Version) (v2),,Zoe,Runner,Shaper,Chaos Theory: Wünderkind,,,Zoe,S,0,10,Runner,,,,,,,
22/04/2017,Home,Tom,Corp,Jinteki,Jinteki: Replicating Perfection,Only spiky ICE is good ICE (My Version) (v2),,Zoe,Runner,Shaper,Chaos Theory: Wünderkind,Peek 'a' Boo v3,,Tom,S,8,0,Corp,,,,,,,
22/04/2017,Home,Tom,Runner,Criminal,"Ken ""Express"" Tenma: Disappeared Clone",Prepaid Apoc Ken (v0.1),,Zoe,Corp,Haas-Bioroid,Haas-Bioroid: Architects of Tomorrow,,,Tom,S,7,2,Runner,,,,,,,
22/04/2017,Home,Tom,Runner,Shaper,Hayley Kaplan: Universal Scholar,Rushmore,,Zoe,Corp,Haas-Bioroid,Haas-Bioroid: Architects of Tomorrow,,,Tom,S,7,2,Runner,,,,,,,
23/04/2017,Home,Tom,Runner,Criminal,Los: Data Hijacker,Zoes Los,,Zoe,Corp,Jinteki,Chronos Protocol: Selective Mind-mapping,,,Tom,S,7,0,Runner,,,,,,,
23/04/2017,Home,Tom,Corp,Jinteki,Jinteki: Replicating Perfection,Only spiky ICE is good ICE (My Version) (v2),,Zoe,Runner,Criminal,Los: Data Hijacker,,,Tom,K,0,2,Corp,,,,,,,
23/04/2017,Brewhouse & Kitchen,Tom,Corp,Jinteki,Jinteki: Replicating Perfection,Only spiky ICE is good ICE (My Version) (v2),,Dan Hill,Runner,Anarch,Reina Roja: Freedom Fighter,,,Dan Hill,S,0,7,Runner,,,,,,,
23/04/2017,Brewhouse & Kitchen,Tom,Runner,Criminal,"Ken ""Express"" Tenma: Disappeared Clone",Prepaid Apoc Ken (v0.1),,Dan Hill,Corp,Wayland,Weyland Consortium: Building a Better World,,,Tom,S,11,2,Runner,,,,,,,
23/04/2017,Brewhouse & Kitchen,Tom,Corp,Wayland,Jemison Astronautics: Sacrifice. Audacity. Success.,Jem (v0.3),,Greg,Runner,Shaper,Jesminder Sareen: Girl Behind the Curtain,,,Tom,S,7,4,Corp,,,,,,,
23/04/2017,Brewhouse & Kitchen,Tom,Runner,Shaper,Hayley Kaplan: Universal Scholar,Rushmore,,Greg,Corp,Wayland,GRNDL: Power Unleashed,,,Tom,S,7,2,Runner,,,,,,,
23/04/2017,Brewhouse & Kitchen,Tom,Corp,Haas-Bioroid,Haas-Bioroid: Engineering the Future,Corp Teaching Deck,,Dan Hill,Runner,Shaper,"Kate ""Mac"" McCaffrey: Digital Tinker",Teaching Deck,,Dan Hill,S,2,7,Runner,,,,,,,
23/04/2017,Brewhouse & Kitchen,Tom,Runner,Shaper,"Kate ""Mac"" McCaffrey: Digital Tinker",Runner Teaching Deck,,Dan Hill,Corp,Haas-Bioroid,Haas-Bioroid: Engineering the Future,Teaching Deck,,Tom,S,8,6,Runner,,,,,,,
23/04/2017,Home,Tom,Runner,Criminal,"Ken ""Express"" Tenma: Disappeared Clone",Prepaid Apoc Ken (v0.1),,Zoe,Corp,Jinteki,Chronos Protocol: Selective Mind-mapping,Peek 'a' Boo v3,,Zoe,S,4,7,Corp,,,,,,,
23/04/2017,Home,Tom,Corp,Jinteki,Jinteki: Replicating Perfection,Only spiky ICE is good ICE (My Version) (v2),,Zoe,Runner,Criminal,Los: Data Hijacker,,,Tom,S,8,3,Corp,,,,,,,
26/04/2017,Home,Tom,Runner,Shaper,Hayley Kaplan: Universal Scholar,Rushmore,,Zoe,Corp,Jinteki,Chronos Protocol: Selective Mind-mapping,,,Tom,S,7,0,Runner,,,,,,,
26/04/2017,Home,Tom,Corp,Jinteki,Jinteki: Replicating Perfection,Only spiky ICE is good ICE (My Version) (v2),,Zoe,Runner,Criminal,Los: Data Hijacker,,,Tom,S,7,3,Corp,,,,,,,
29/04/2017,Home,Tom,Runner,Criminal,"Ken ""Express"" Tenma: Disappeared Clone",Prepaid Apoc Ken (v0.1),,Bill,Corp,Haas-Bioroid,Haas-Bioroid: Engineering the Future,,,Tom,S,7,6,Runner,,,,,,,
01/05/2017,Home,Tom,Runner,Shaper,Hayley Kaplan: Universal Scholar,Rushmore,,Zoe,Corp,Jinteki,Chronos Protocol: Selective Mind-mapping,,,Tom,S,7,5,Runner,,,,,,,
01/05/2017,Home,Tom,Corp,Wayland,Jemison Astronautics: Sacrifice. Audacity. Success.,Jem (v0.3),,Zoe,Runner,Criminal,Los: Data Hijacker,,,Tom,S,7,4,Corp,,,,,,,
02/05/2017,Home,Tom,Corp,Wayland,Jemison Astronautics: Sacrifice. Audacity. Success.,Jem (v0.3),,Zoe,Runner,Shaper,Chaos Theory: Wünderkind,Peek 'a' Boo v3,,Tom,S,7,4,Corp,,,,,,,
03/05/2017,Home,Tom,Runner,Shaper,Chaos Theory: Wünderkind,Peek 'a' Boo,,Zoe,Corp,Jinteki,Chronos Protocol: Selective Mind-mapping,,,Tom,S,7,5,Runner,,,,,,,
04/05/2017,Home,Tom,Runner,Criminal,"Ken ""Express"" Tenma: Disappeared Clone",Prepaid Apoc Ken (v0.1),,Bill,Corp,Haas-Bioroid,Haas-Bioroid: Engineering the Future,,,Tom,S,7,5,Runner,,,,,,,
05/05/2017,Home,Tom,Runner,Shaper,Hayley Kaplan: Universal Scholar,Rushmore,,Zoe,Corp,Haas-Bioroid,Haas-Bioroid: Architects of Tomorrow,,,Zoe,S,4,7,Corp,,,,,,,
06/05/2017,Home,Tom,Runner,Shaper,Chaos Theory: Wünderkind,Peek 'a' Boo v3,,Zoe,Corp,Haas-Bioroid,Haas-Bioroid: Architects of Tomorrow,,,Tom,S,7,4,Runner,,,,,,,
06/05/2017,Home,Tom,Corp,Haas-Bioroid,Haas-Bioroid: Architects of Tomorrow,,,Zoe,Runner,Shaper,Chaos Theory: Wünderkind,,,Tom,S,7,4,Corp,,,,,,,
06/05/2017,Home,Tom,Runner,Shaper,Hayley Kaplan: Universal Scholar,Rushmore,,Zoe,Corp,Haas-Bioroid,Custom Biotics: Engineered for Success,,,Tom,S,7,3,Runner,,,,,,,
06/05/2017,Home,Tom,Runner,Criminal,"Ken ""Express"" Tenma: Disappeared Clone",Prepaid Apoc Ken (v0.1),,Bill,Corp,Haas-Bioroid,Haas-Bioroid: Engineering the Future,,,Tom,S,7,4,Runner,,,,,,,
07/05/2017,Fist Full Of Dice,Tom,Runner,Criminal,Skorpios Defense Systems: Persuasive Power,TD Corp Deck,,Colin,Corp,NBN,Steve Cambridge: Master Grifter,TD Runner Deck,,Colin,S,6,7,Corp,,,,,,,
07/05/2017,Fist Full Of Dice,Tom,Runner,Criminal,Skorpios Defense Systems: Persuasive Power,TD Corp Deck,,Colin,Corp,NBN,Steve Cambridge: Master Grifter,TD Runner Deck,,Colin,S,5,7,Corp,,,,,,,
07/05/2017,Fist Full Of Dice,Tom,Runner,Criminal,Skorpios Defense Systems: Persuasive Power,TD Corp Deck,,Colin,Corp,NBN,Steve Cambridge: Master Grifter,TD Runner Deck,,Colin,S,1,7,Corp,,,,,,,
07/05/2017,Fist Full Of Dice,Tom,Corp,Jinteki,Jinteki: Replicating Perfection,Only spiky ICE is good ICE (My Version) (v2),,Dan H,Runner,Criminal,"Ken ""Express"" Tenma: Disappeared Clone",Prepaid Apoc Ken (v0.1),,Dan H,S,0,7,Runner,,,,,,,
07/05/2017,Fist Full Of Dice,Tom,Runner,Criminal,"Ken ""Express"" Tenma: Disappeared Clone",Prepaid Apoc Ken (v0.1),,Dan H,Corp,Jinteki,Jinteki: Replicating Perfection,Only spiky ICE is good ICE (My Version) (v2),,Tom,S,7,0,Runner,,,,,,,
13/05/2017,Home,Tom,Corp,Haas-Bioroid,Haas-Bioroid: Engineering the Future,Bill's HB,,Bill,Runner,Criminal,Gabriel Santiago: Consummate Professional,,,Tom,S,7,6,Corp,,,,,,,
13/05/2017,Home,Tom,Runner,Criminal,Gabriel Santiago: Consummate Professional,Bill's Gabe,,Bill,Corp,Haas-Bioroid,Haas-Bioroid: Engineering the Future,,,Tom,S,7,0,Runner,,,,,,,